PLAYER,TEAM,Isolation,P&R Handler,P&R Roll,Transition,Post Up,Spot Up,HandOff,Cut,Season,Cluster
James Harden,HOU,0.487,0.221,0.0,0.133,0.009,0.032,0.036,0.014,2019,4
Paul George,OKC,0.134,0.245,0.014,0.206,0.036,0.117,0.054,0.019,2019,1
Giannis Antetokounmpo,MIL,0.155,0.076,0.05,0.256,0.12,0.114,0.018,0.08,2019,5
Joel Embiid,PHI,0.064,0.03,0.076,0.1,0.299,0.155,0.009,0.088,2019,3
LeBron James,LAL,0.175,0.281,0.023,0.214,0.082,0.059,0.014,0.037,2019,4
Stephen Curry,GSW,0.056,0.216,0.023,0.2,0.0,0.13,0.055,0.045,2019,1
Kawhi Leonard,TOR,0.165,0.268,0.0,0.178,0.094,0.111,0.044,0.024,2019,4
Devin Booker,PHX,0.125,0.345,0.0,0.197,0.04,0.068,0.049,0.028,2019,4
Kevin Durant,GSW,0.156,0.19,0.021,0.211,0.106,0.088,0.037,0.04,2019,1
Anthony Davis,NOP,0.077,0.014,0.141,0.13,0.183,0.118,0.014,0.098,2019,3
Damian Lillard,POR,0.137,0.447,0.0,0.109,0.0,0.052,0.109,0.031,2019,4
Kemba Walker,CHA,0.082,0.468,0.0,0.159,0.0,0.094,0.078,0.008,2019,4
Bradley Beal,WAS,0.094,0.253,0.0,0.209,0.005,0.133,0.064,0.053,2019,1
Blake Griffin,DET,0.13,0.187,0.063,0.081,0.264,0.104,0.023,0.027,2019,3
Karl-Anthony Towns,MIN,0.084,0.0,0.142,0.069,0.302,0.143,0.0,0.041,2019,3
Kyrie Irving,BOS,0.132,0.294,0.0,0.171,0.017,0.095,0.089,0.034,2019,4
Donovan Mitchell,UTA,0.081,0.445,0.0,0.131,0.0,0.12,0.083,0.017,2019,4
Zach LaVine,CHI,0.131,0.402,0.0,0.141,0.027,0.086,0.081,0.03,2019,4
Russell Westbrook,OKC,0.18,0.247,0.0,0.255,0.099,0.098,0.017,0.015,2019,4
Klay Thompson,GSW,0.046,0.04,0.011,0.182,0.052,0.134,0.071,0.075,2019,5
Julius Randle,NOP,0.122,0.028,0.067,0.175,0.163,0.169,0.011,0.092,2019,5
LaMarcus Aldridge,SAS,0.032,0.0,0.194,0.04,0.427,0.069,0.0,0.079,2019,3
DeMar DeRozan,SAS,0.187,0.365,0.0,0.097,0.1,0.077,0.04,0.03,2019,4
Luka Doncic,DAL,0.112,0.383,0.0,0.136,0.051,0.107,0.059,0.015,2019,4
Jrue Holiday,NOP,0.115,0.359,0.0,0.164,0.018,0.114,0.085,0.037,2019,4
D'Angelo Russell,BKN,0.108,0.499,0.0,0.113,0.011,0.117,0.055,0.015,2019,4
Mike Conley,MEM,0.091,0.419,0.0,0.116,0.0,0.117,0.074,0.026,2019,4
CJ McCollum,POR,0.113,0.287,0.0,0.138,0.0,0.15,0.117,0.041,2019,4
Nikola Vucevic,ORL,0.02,0.0,0.205,0.038,0.269,0.169,0.0,0.117,2019,3
John Wall,WAS,0.238,0.326,0.0,0.205,0.017,0.14,0.0,0.0,2019,4
Buddy Hield,SAC,0.058,0.164,0.0,0.261,0.0,0.188,0.081,0.036,2019,1
Nikola Jokic,DEN,0.042,0.042,0.141,0.057,0.254,0.125,0.007,0.084,2019,3
Tobias Harris,PHI,0.093,0.188,0.0,0.19,0.068,0.182,0.056,0.058,2019,1
Lou Williams,LAC,0.092,0.546,0.0,0.12,0.0,0.083,0.068,0.009,2019,4
Danilo Gallinari,LAC,0.145,0.118,0.057,0.105,0.113,0.21,0.051,0.039,2019,5
John Collins,ATL,0.023,0.0,0.189,0.112,0.106,0.171,0.01,0.164,2019,5
Trae Young,ATL,0.09,0.456,0.0,0.193,0.0,0.087,0.081,0.008,2019,4
Victor Oladipo,IND,0.129,0.376,0.0,0.199,0.0,0.098,0.065,0.0,2019,4
Lauri Markkanen,CHI,0.062,0.042,0.166,0.1,0.096,0.288,0.047,0.042,2019,5
Jimmy Butler,PHI,0.102,0.252,0.0,0.166,0.072,0.105,0.084,0.072,2019,1
Kyle Kuzma,LAL,0.064,0.091,0.067,0.231,0.069,0.223,0.023,0.077,2019,5
Khris Middleton,MIL,0.158,0.196,0.013,0.213,0.091,0.123,0.051,0.018,2019,1
Brandon Ingram,LAL,0.142,0.255,0.0,0.188,0.09,0.13,0.037,0.053,2019,1
Jamal Murray,DEN,0.078,0.306,0.02,0.128,0.0,0.112,0.154,0.052,2019,4
Andrew Wiggins,MIN,0.082,0.265,0.0,0.14,0.08,0.164,0.101,0.054,2019,1
Tim Hardaway Jr.,DAL,0.042,0.156,0.0,0.153,0.052,0.235,0.078,0.036,2019,1
JJ Redick,PHI,0.0,0.1,0.027,0.137,0.0,0.156,0.324,0.038,2019,1
Derrick Rose,MIN,0.125,0.432,0.0,0.168,0.0,0.121,0.043,0.039,2019,4
T.J. Warren,PHX,0.059,0.162,0.0,0.225,0.024,0.312,0.025,0.055,2019,1
Bojan Bogdanovic,IND,0.066,0.118,0.01,0.199,0.047,0.156,0.066,0.067,2019,1
Andre Drummond,DET,0.026,0.0,0.148,0.099,0.185,0.037,0.0,0.156,2019,3
De'Aaron Fox,SAC,0.097,0.406,0.0,0.281,0.0,0.082,0.033,0.013,2019,4
Kevin Love,CLE,0.043,0.0,0.078,0.11,0.188,0.198,0.038,0.059,2019,5
Pascal Siakam,TOR,0.099,0.053,0.07,0.257,0.121,0.207,0.026,0.059,2019,5
Ben Simmons,PHI,0.05,0.125,0.012,0.261,0.186,0.029,0.008,0.151,2019,3
Jordan Clarkson,CLE,0.135,0.306,0.0,0.122,0.019,0.14,0.095,0.036,2019,4
Spencer Dinwiddie,BKN,0.225,0.374,0.0,0.127,0.0,0.146,0.036,0.0,2019,4
Collin Sexton,CLE,0.119,0.397,0.0,0.167,0.0,0.145,0.054,0.024,2019,4
Clint Capela,HOU,0.0,0.0,0.267,0.173,0.028,0.0,0.0,0.283,2019,2
Montrezl Harrell,LAC,0.031,0.017,0.233,0.124,0.194,0.029,0.0,0.172,2019,3
Josh Richardson,MIA,0.024,0.318,0.0,0.113,0.011,0.223,0.141,0.039,2019,1
Harrison Barnes,SAC,0.088,0.088,0.032,0.194,0.191,0.233,0.0,0.029,2019,5
Deandre Ayton,PHX,0.027,0.0,0.211,0.062,0.285,0.041,0.0,0.158,2019,3
DeMarcus Cousins,GSW,0.034,0.0,0.088,0.141,0.219,0.243,0.0,0.124,2019,5
Eric Gordon,HOU,0.073,0.171,0.017,0.206,0.0,0.324,0.072,0.028,2019,1
Aaron Gordon,ORL,0.06,0.121,0.026,0.14,0.132,0.204,0.069,0.069,2019,5
Eric Bledsoe,MIL,0.077,0.259,0.0,0.292,0.01,0.189,0.036,0.027,2019,1
Rudy Gobert,UTA,0.0,0.0,0.253,0.076,0.07,0.021,0.0,0.264,2019,2
Jayson Tatum,BOS,0.128,0.15,0.022,0.193,0.081,0.182,0.057,0.054,2019,1
Malcolm Brogdon,MIL,0.084,0.19,0.0,0.214,0.0,0.277,0.065,0.043,2019,1
Jusuf Nurkic,POR,0.01,0.0,0.246,0.043,0.217,0.066,0.0,0.15,2019,3
Chris Paul,HOU,0.288,0.364,0.0,0.108,0.05,0.065,0.041,0.0,2019,4
Jonas Valanciunas,MEM,0.045,0.0,0.165,0.035,0.293,0.093,0.0,0.139,2019,3
Dennis Schroder,OKC,0.114,0.427,0.007,0.188,0.0,0.162,0.025,0.01,2019,4
Reggie Jackson,DET,0.097,0.366,0.0,0.146,0.0,0.209,0.069,0.012,2019,4
Jeremy Lamb,CHA,0.11,0.244,0.0,0.148,0.0,0.219,0.075,0.034,2019,1
Kelly Oubre Jr.,PHX,0.029,0.201,0.0,0.221,0.0,0.276,0.049,0.056,2019,1
Nikola Mirotic,MIL,0.0,0.0,0.07,0.177,0.108,0.291,0.0,0.0,2019,5
Evan Fournier,ORL,0.042,0.301,0.0,0.109,0.0,0.188,0.121,0.033,2019,1
Terrence Ross,ORL,0.034,0.226,0.0,0.107,0.0,0.186,0.112,0.024,2019,1
Dwyane Wade,MIA,0.087,0.348,0.0,0.127,0.073,0.104,0.066,0.058,2019,4
Serge Ibaka,TOR,0.014,0.0,0.297,0.129,0.101,0.172,0.0,0.118,2019,2
Marvin Bagley III,SAC,0.101,0.0,0.1,0.164,0.243,0.085,0.0,0.105,2019,3
Emmanuel Mudiay,NYK,0.079,0.341,0.0,0.18,0.028,0.166,0.089,0.024,2019,4
Jabari Parker,WAS,0.09,0.08,0.0,0.227,0.106,0.227,0.049,0.067,2019,5
Kyle Lowry,TOR,0.076,0.241,0.01,0.231,0.0,0.16,0.075,0.033,2019,1
Bobby Portis,WAS,0.026,0.0,0.186,0.14,0.129,0.281,0.0,0.071,2019,5
Bogdan Bogdanovic,SAC,0.074,0.287,0.0,0.16,0.037,0.172,0.081,0.028,2019,1
Domantas Sabonis,IND,0.0,0.0,0.304,0.051,0.157,0.067,0.0,0.184,2019,2
Marcus Morris Sr.,BOS,0.091,0.047,0.102,0.13,0.097,0.312,0.036,0.038,2019,5
Otto Porter Jr.,CHI,0.0,0.326,0.0,0.159,0.0,0.234,0.054,0.0,2019,1
Steven Adams,OKC,0.0,0.0,0.174,0.104,0.256,0.0,0.0,0.196,2019,3
Jaren Jackson Jr.,MEM,0.107,0.0,0.113,0.085,0.248,0.187,0.0,0.12,2019,3
Goran Dragic,MIA,0.057,0.336,0.0,0.186,0.0,0.156,0.107,0.039,2019,4
Rudy Gay,SAS,0.157,0.12,0.023,0.11,0.134,0.285,0.015,0.042,2019,5
Joe Harris,BKN,0.0,0.032,0.019,0.121,0.0,0.296,0.091,0.043,2019,0
Caris LeVert,BKN,0.184,0.38,0.0,0.114,0.0,0.156,0.041,0.048,2019,4
Enes Kanter,POR,0.0,0.0,0.142,0.043,0.28,0.046,0.0,0.16,2019,3
Jerami Grant,OKC,0.022,0.0,0.155,0.185,0.074,0.354,0.0,0.106,2019,5
Dennis Smith Jr.,NYK,0.091,0.431,0.0,0.183,0.0,0.117,0.037,0.0,2019,4
Al Horford,BOS,0.028,0.0,0.316,0.085,0.165,0.176,0.0,0.09,2019,3
Marc Gasol,TOR,0.0,0.0,0.206,0.101,0.239,0.194,0.0,0.113,2019,3
Taurean Prince,ATL,0.057,0.193,0.0,0.225,0.0,0.27,0.101,0.025,2019,1
Carmelo Anthony,HOU,0.143,0.0,0.079,0.114,0.157,0.257,0.0,0.0,2019,5
Myles Turner,IND,0.016,0.0,0.359,0.071,0.119,0.148,0.0,0.143,2019,2
Robert Covington,MIN,0.0,0.092,0.0,0.271,0.0,0.359,0.068,0.071,2019,0
Jaylen Brown,BOS,0.03,0.059,0.0,0.297,0.081,0.321,0.048,0.054,2019,0
Gary Harris,DEN,0.038,0.161,0.0,0.178,0.0,0.204,0.266,0.031,2019,1
Kevin Knox II,NYK,0.044,0.198,0.019,0.16,0.016,0.291,0.1,0.024,2019,1
Ricky Rubio,UTA,0.016,0.336,0.0,0.178,0.0,0.242,0.125,0.023,2019,1
Paul Millsap,DEN,0.087,0.046,0.044,0.128,0.187,0.188,0.013,0.143,2019,5
Justise Winslow,MIA,0.037,0.304,0.0,0.162,0.01,0.29,0.057,0.042,2019,1
Trevor Ariza,WAS,0.035,0.106,0.0,0.261,0.029,0.338,0.035,0.043,2019,0
Brook Lopez,MIL,0.03,0.0,0.141,0.143,0.084,0.391,0.058,0.042,2019,5
Hassan Whiteside,MIA,0.015,0.0,0.208,0.068,0.157,0.036,0.0,0.153,2019,3
Jeff Green,WAS,0.041,0.026,0.126,0.16,0.088,0.331,0.019,0.078,2019,5
Wesley Matthews,IND,0.0,0.107,0.0,0.122,0.088,0.256,0.126,0.065,2019,1
Jeff Teague,MIN,0.135,0.448,0.0,0.166,0.0,0.123,0.026,0.0,2019,4
Joe Ingles,UTA,0.032,0.313,0.0,0.11,0.0,0.224,0.121,0.0,2019,1
Dion Waiters,MIA,0.157,0.201,0.0,0.11,0.0,0.288,0.116,0.0,2019,1
JaVale McGee,LAL,0.028,0.0,0.194,0.124,0.089,0.045,0.0,0.265,2019,2
E'Twaun Moore,NOP,0.034,0.128,0.016,0.224,0.0,0.211,0.091,0.062,2019,1
Willie Cauley-Stein,SAC,0.069,0.0,0.274,0.132,0.123,0.058,0.0,0.184,2019,2
Jae Crowder,UTA,0.01,0.039,0.03,0.189,0.0,0.439,0.069,0.059,2019,0
Derrick Favors,UTA,0.0,0.0,0.27,0.063,0.037,0.14,0.0,0.243,2019,2
Bryn Forbes,SAS,0.026,0.267,0.0,0.159,0.0,0.36,0.078,0.0,2019,1
D.J. Augustin,ORL,0.053,0.476,0.0,0.152,0.0,0.184,0.028,0.022,2019,4
Kent Bazemore,ATL,0.025,0.255,0.0,0.202,0.0,0.223,0.142,0.03,2019,1
Josh Jackson,PHX,0.053,0.235,0.0,0.182,0.012,0.298,0.056,0.041,2019,1
Will Barton,DEN,0.04,0.285,0.0,0.225,0.0,0.225,0.101,0.029,2019,1
Gordon Hayward,BOS,0.03,0.265,0.0,0.173,0.013,0.202,0.069,0.053,2019,1
Kentavious Caldwell-Pope,LAL,0.025,0.093,0.03,0.24,0.0,0.262,0.054,0.034,2019,0
Malik Beasley,DEN,0.017,0.119,0.0,0.246,0.0,0.333,0.125,0.044,2019,0
Reggie Bullock,LAL,0.0,0.0,0.0,0.172,0.0,0.272,0.077,0.065,2019,0
Kris Dunn,CHI,0.061,0.52,0.0,0.115,0.025,0.166,0.035,0.0,2019,4
Darren Collison,IND,0.075,0.359,0.0,0.219,0.0,0.166,0.053,0.028,2019,4
Rodney Hood,POR,0.096,0.228,0.0,0.176,0.092,0.268,0.056,0.0,2019,1
DeMarre Carroll,BKN,0.034,0.05,0.02,0.252,0.0,0.405,0.028,0.041,2019,0
Alex Len,ATL,0.015,0.0,0.197,0.086,0.109,0.213,0.0,0.142,2019,5
DeAndre Jordan,NYK,0.0,0.0,0.185,0.072,0.138,0.0,0.0,0.21,2019,2
Fred VanVleet,TOR,0.078,0.348,0.0,0.199,0.0,0.212,0.036,0.023,2019,4
Tristan Thompson,CLE,0.043,0.0,0.169,0.061,0.138,0.059,0.0,0.189,2019,3
J.J. Barea,DAL,0.074,0.542,0.0,0.072,0.0,0.088,0.117,0.0,2019,4
Jarrett Allen,BKN,0.0,0.0,0.368,0.061,0.0,0.059,0.0,0.262,2019,2
Trey Burke,DAL,0.086,0.403,0.0,0.116,0.0,0.167,0.099,0.0,2019,4
Tyler Johnson,PHX,0.0,0.35,0.0,0.178,0.0,0.261,0.076,0.0,2019,1
Allonzo Trier,NYK,0.106,0.336,0.0,0.23,0.0,0.167,0.042,0.015,2019,4
Shai Gilgeous-Alexander,LAC,0.05,0.418,0.0,0.176,0.0,0.207,0.05,0.025,2019,4
Dewayne Dedmon,ATL,0.0,0.0,0.213,0.119,0.029,0.252,0.0,0.153,2019,5
Taj Gibson,MIN,0.026,0.0,0.143,0.103,0.188,0.09,0.0,0.207,2019,3
Damyean Dotson,NYK,0.044,0.162,0.0,0.16,0.0,0.252,0.133,0.02,2019,1
Elfrid Payton,NOP,0.049,0.297,0.0,0.209,0.0,0.192,0.058,0.063,2019,1
Dario Saric,MIN,0.019,0.0,0.127,0.127,0.109,0.315,0.018,0.118,2019,5
Dwight Powell,DAL,0.015,0.0,0.252,0.067,0.021,0.205,0.0,0.261,2019,2
Thomas Bryant,WAS,0.0,0.0,0.275,0.109,0.028,0.158,0.0,0.229,2019,2
Marco Belinelli,SAS,0.0,0.156,0.0,0.138,0.0,0.314,0.154,0.069,2019,1
Justin Holiday,MEM,0.0,0.078,0.0,0.171,0.0,0.332,0.089,0.085,2019,0
Kenneth Faried,HOU,0.0,0.0,0.24,0.125,0.0,0.084,0.0,0.226,2019,2
Monte Morris,DEN,0.039,0.352,0.0,0.181,0.0,0.217,0.069,0.066,2019,4
Wendell Carter Jr.,CHI,0.0,0.0,0.236,0.07,0.181,0.086,0.0,0.185,2019,3
Wayne Ellington,DET,0.0,0.096,0.035,0.141,0.0,0.23,0.275,0.0,2019,1
Danny Green,TOR,0.017,0.048,0.0,0.278,0.022,0.356,0.019,0.023,2019,0
Tyreke Evans,IND,0.096,0.335,0.0,0.228,0.016,0.165,0.069,0.025,2019,4
Cody Zeller,CHA,0.026,0.0,0.26,0.117,0.026,0.098,0.0,0.232,2019,2
Marvin Williams,CHA,0.0,0.0,0.143,0.137,0.064,0.401,0.0,0.07,2019,5
Kelly Olynyk,MIA,0.024,0.023,0.156,0.104,0.076,0.288,0.064,0.081,2019,5
Kadeem Allen,NYK,0.068,0.366,0.0,0.157,0.0,0.236,0.0,0.0,2019,4
Avery Bradley,MEM,0.044,0.32,0.0,0.114,0.0,0.171,0.127,0.044,2019,4
Derrick White,SAS,0.045,0.347,0.0,0.135,0.0,0.28,0.055,0.037,2019,1
Lonzo Ball,LAL,0.047,0.244,0.031,0.229,0.0,0.213,0.033,0.052,2019,1
Patty Mills,SAS,0.016,0.34,0.013,0.135,0.0,0.271,0.086,0.023,2019,1
Luke Kennard,DET,0.032,0.247,0.0,0.167,0.0,0.269,0.151,0.038,2019,1
Kevin Huerter,ATL,0.03,0.23,0.0,0.214,0.0,0.242,0.119,0.039,2019,1
Nemanja Bjelica,SAC,0.031,0.021,0.073,0.189,0.063,0.264,0.029,0.094,2019,5
Allen Crabbe,BKN,0.0,0.032,0.0,0.128,0.0,0.348,0.087,0.0,2019,0
Jonathan Isaac,ORL,0.031,0.036,0.032,0.138,0.029,0.419,0.037,0.103,2019,0
Jeremy Lin,TOR,0.06,0.302,0.0,0.286,0.0,0.196,0.05,0.0,2019,1
Robin Lopez,CHI,0.0,0.0,0.287,0.0,0.322,0.049,0.0,0.112,2019,3
Tony Parker,CHA,0.088,0.566,0.0,0.121,0.0,0.126,0.04,0.0,2019,4
Shabazz Napier,BKN,0.15,0.398,0.0,0.139,0.0,0.162,0.057,0.0,2019,4
Markieff Morris,OKC,0.0,0.0,0.176,0.076,0.212,0.282,0.0,0.076,2019,5
JaMychal Green,LAC,0.0,0.0,0.123,0.128,0.097,0.338,0.0,0.056,2019,5
Danuel House Jr.,HOU,0.05,0.041,0.0,0.243,0.0,0.483,0.035,0.0,2019,0
Al-Farouq Aminu,POR,0.034,0.022,0.035,0.154,0.0,0.47,0.015,0.103,2019,0
Larry Nance Jr.,CLE,0.019,0.025,0.168,0.102,0.078,0.165,0.0,0.168,2019,5
Nicolas Batum,CHA,0.044,0.222,0.014,0.121,0.0,0.297,0.105,0.051,2019,1
Jalen Brunson,DAL,0.07,0.28,0.0,0.172,0.023,0.219,0.082,0.021,2019,1
Gerald Green,HOU,0.035,0.068,0.029,0.152,0.0,0.431,0.056,0.02,2019,0
Rajon Rondo,LAL,0.107,0.453,0.0,0.16,0.0,0.146,0.0,0.019,2019,4
Alex Caruso,LAL,0.053,0.416,0.0,0.147,0.0,0.147,0.041,0.065,2019,4
Landry Shamet,LAC,0.0,0.099,0.0,0.165,0.0,0.255,0.128,0.0,2019,1
Terry Rozier,BOS,0.08,0.218,0.0,0.193,0.0,0.245,0.062,0.018,2019,1
Ish Smith,DET,0.067,0.485,0.0,0.162,0.0,0.173,0.04,0.0,2019,4
Malik Monk,CHA,0.072,0.184,0.0,0.184,0.0,0.317,0.083,0.022,2019,1
Rondae Hollis-Jefferson,BKN,0.039,0.025,0.165,0.192,0.068,0.237,0.0,0.149,2019,5
Ivica Zubac,LAC,0.0,0.0,0.226,0.083,0.147,0.0,0.0,0.222,2019,2
Bam Adebayo,MIA,0.018,0.0,0.212,0.118,0.072,0.048,0.0,0.245,2019,2
Tomas Satoransky,WAS,0.033,0.237,0.0,0.181,0.022,0.29,0.026,0.062,2019,1
Marcus Smart,BOS,0.04,0.195,0.0,0.166,0.053,0.294,0.057,0.04,2019,1
Mario Hezonja,NYK,0.08,0.252,0.0,0.186,0.022,0.245,0.04,0.086,2019,1
Delon Wright,MEM,0.087,0.341,0.0,0.179,0.0,0.145,0.043,0.038,2019,4
Frank Kaminsky,CHA,0.0,0.0,0.258,0.078,0.065,0.346,0.0,0.086,2019,5
Norman Powell,TOR,0.057,0.244,0.0,0.224,0.0,0.263,0.044,0.026,2019,1
Kyle Korver,UTA,0.0,0.071,0.0,0.113,0.0,0.276,0.229,0.0,2019,0
Trey Lyles,DEN,0.047,0.036,0.177,0.1,0.143,0.256,0.029,0.065,2019,5
Rodions Kurucs,BKN,0.053,0.027,0.02,0.213,0.0,0.351,0.027,0.119,2019,0
Langston Galloway,DET,0.0,0.071,0.0,0.186,0.0,0.373,0.192,0.023,2019,0
Noah Vonleh,NYK,0.057,0.017,0.123,0.082,0.206,0.251,0.0,0.058,2019,5
DeAndre' Bembry,ATL,0.027,0.205,0.0,0.224,0.0,0.258,0.092,0.081,2019,1
Mikal Bridges,PHX,0.0,0.073,0.0,0.238,0.0,0.371,0.065,0.075,2019,0
Bruno Caboclo,MEM,0.0,0.0,0.063,0.143,0.0,0.479,0.0,0.052,2019,0
Darius Miller,NOP,0.027,0.133,0.0,0.159,0.0,0.346,0.09,0.0,2019,0
Jahlil Okafor,NOP,0.098,0.0,0.156,0.131,0.241,0.047,0.0,0.138,2019,3
Richaun Holmes,PHX,0.037,0.0,0.329,0.086,0.059,0.022,0.0,0.198,2019,2
Austin Rivers,HOU,0.251,0.193,0.0,0.13,0.0,0.306,0.044,0.0,2019,1
Frank Jackson,NOP,0.036,0.152,0.0,0.224,0.0,0.285,0.08,0.072,2019,1
Isaiah Thomas,DEN,0.0,0.341,0.0,0.225,0.0,0.155,0.124,0.0,2019,4
Kyle Anderson,MEM,0.056,0.119,0.0,0.217,0.0,0.161,0.047,0.172,2019,1
Davis Bertans,SAS,0.0,0.019,0.019,0.181,0.0,0.554,0.039,0.042,2019,0
Jamal Crawford,PHX,0.126,0.495,0.0,0.107,0.0,0.155,0.022,0.0,2019,4
Seth Curry,POR,0.044,0.259,0.0,0.145,0.0,0.239,0.116,0.0,2019,1
Josh Hart,LAL,0.0,0.054,0.0,0.331,0.0,0.306,0.045,0.051,2019,0
Garrett Temple,LAC,0.0,0.119,0.0,0.291,0.0,0.306,0.097,0.0,2019,0
James Johnson,MIA,0.126,0.146,0.068,0.101,0.027,0.309,0.037,0.074,2019,1
Ante Zizic,CLE,0.0,0.0,0.22,0.073,0.231,0.022,0.0,0.18,2019,3
Mason Plumlee,DEN,0.052,0.0,0.166,0.096,0.207,0.063,0.0,0.171,2019,3
Josh Okogie,MIN,0.028,0.067,0.0,0.283,0.0,0.387,0.056,0.068,2019,0
Maurice Harkless,POR,0.03,0.022,0.024,0.119,0.126,0.277,0.032,0.169,2019,5
Patrick Beverley,LAC,0.039,0.286,0.0,0.146,0.0,0.35,0.037,0.016,2019,1
George Hill,MIL,0.086,0.226,0.0,0.168,0.0,0.242,0.055,0.067,2019,1
Jake Layman,POR,0.0,0.052,0.0,0.143,0.03,0.323,0.054,0.159,2019,0
Dorian Finney-Smith,DAL,0.029,0.065,0.015,0.159,0.0,0.357,0.029,0.1,2019,0
Dillon Brooks,MEM,0.0,0.187,0.0,0.135,0.0,0.297,0.071,0.084,2019,1
Iman Shumpert,HOU,0.0,0.0,0.0,0.195,0.0,0.487,0.0,0.0,2019,0
Chandler Parsons,MEM,0.044,0.249,0.0,0.138,0.0,0.36,0.098,0.0,2019,1
Miles Bridges,CHA,0.046,0.04,0.047,0.177,0.035,0.398,0.037,0.086,2019,0
Vince Carter,ATL,0.03,0.098,0.058,0.133,0.068,0.438,0.034,0.038,2019,0
Draymond Green,GSW,0.026,0.027,0.073,0.201,0.056,0.276,0.0,0.14,2019,5
Dwayne Bacon,CHA,0.108,0.166,0.0,0.22,0.0,0.294,0.088,0.0,2019,1
Mitchell Robinson,NYK,0.0,0.0,0.275,0.086,0.029,0.0,0.0,0.164,2019,2
Antonio Blakeney,CHI,0.148,0.287,0.0,0.139,0.0,0.22,0.141,0.0,2019,1
P.J. Tucker,HOU,0.0,0.0,0.129,0.156,0.0,0.513,0.0,0.036,2019,0
Doug McDermott,IND,0.0,0.0,0.0,0.118,0.0,0.303,0.136,0.152,2019,0
Dirk Nowitzki,DAL,0.027,0.0,0.165,0.112,0.202,0.377,0.0,0.0,2019,5
Willy Hernangomez,CHA,0.0,0.0,0.304,0.043,0.105,0.053,0.0,0.179,2019,2
Lance Stephenson,LAL,0.127,0.289,0.0,0.163,0.0,0.241,0.022,0.033,2019,1
Justin Jackson,DAL,0.0,0.072,0.0,0.139,0.0,0.423,0.077,0.091,2019,0
Luol Deng,MIN,0.0,0.0,0.0,0.214,0.11,0.29,0.0,0.117,2019,0
Joakim Noah,MEM,0.066,0.0,0.284,0.088,0.076,0.073,0.0,0.211,2019,2
Harry Giles III,SAC,0.1,0.0,0.204,0.093,0.233,0.065,0.0,0.107,2019,3
Derrick Jones Jr.,MIA,0.0,0.0,0.057,0.171,0.0,0.303,0.0,0.209,2019,0
Mike Muscala,LAL,0.0,0.0,0.152,0.239,0.0,0.359,0.0,0.0,2019,0
Luke Kornet,NYK,0.0,0.0,0.218,0.094,0.085,0.333,0.0,0.052,2019,5
OG Anunoby,TOR,0.045,0.043,0.0,0.21,0.041,0.397,0.023,0.066,2019,0
Terrance Ferguson,OKC,0.0,0.039,0.033,0.283,0.0,0.47,0.028,0.055,2019,0
Pat Connaughton,MIL,0.028,0.048,0.03,0.165,0.0,0.331,0.093,0.14,2019,0
Tyus Jones,MIN,0.065,0.419,0.0,0.178,0.0,0.174,0.052,0.023,2019,4
Stanley Johnson,NOP,0.083,0.198,0.0,0.182,0.0,0.314,0.0,0.0,2019,1
Quinn Cook,GSW,0.06,0.267,0.0,0.159,0.0,0.195,0.074,0.036,2019,1
Dante Exum,UTA,0.09,0.384,0.0,0.168,0.0,0.213,0.051,0.0,2019,4
Wayne Selden,CHI,0.052,0.181,0.0,0.181,0.0,0.356,0.069,0.0,2019,1
Maxi Kleber,DAL,0.0,0.0,0.101,0.101,0.063,0.421,0.0,0.093,2019,0
Brandon Knight,CLE,0.089,0.435,0.0,0.117,0.0,0.202,0.052,0.0,2019,4
Evan Turner,POR,0.082,0.195,0.0,0.118,0.198,0.155,0.05,0.068,2019,1
Ersan Ilyasova,MIL,0.0,0.0,0.122,0.137,0.037,0.283,0.024,0.139,2019,5
JR Smith,CLE,0.0,0.189,0.0,0.179,0.0,0.179,0.147,0.0,2019,1
Ryan Arcidiacono,CHI,0.032,0.361,0.0,0.102,0.0,0.306,0.068,0.028,2019,1
James Ennis III,PHI,0.0,0.0,0.0,0.248,0.0,0.314,0.0,0.095,2019,0
Ian Clark,NOP,0.0,0.196,0.0,0.203,0.0,0.258,0.082,0.042,2019,1
Michael Kidd-Gilchrist,CHA,0.035,0.0,0.062,0.171,0.0,0.335,0.032,0.18,2019,0
Zach Collins,POR,0.0,0.0,0.149,0.066,0.138,0.213,0.0,0.202,2019,5
MarShon Brooks,MEM,0.132,0.327,0.0,0.137,0.0,0.215,0.0,0.049,2019,4
David Nwaba,CLE,0.066,0.039,0.0,0.278,0.0,0.36,0.0,0.106,2019,0
Cory Joseph,IND,0.062,0.345,0.0,0.133,0.0,0.247,0.082,0.026,2019,4
Johnathan Williams,LAL,0.0,0.0,0.223,0.162,0.0,0.0,0.0,0.209,2019,2
Jonathon Simmons,PHI,0.0,0.279,0.0,0.163,0.0,0.186,0.0,0.0,2019,1
Shaquille Harrison,CHI,0.095,0.225,0.0,0.212,0.0,0.276,0.054,0.041,2019,1
Sterling Brown,MIL,0.029,0.098,0.0,0.241,0.0,0.307,0.074,0.069,2019,0
CJ Miles,MEM,0.0,0.0,0.0,0.125,0.0,0.333,0.125,0.0,2019,0
Gorgui Dieng,MIN,0.044,0.0,0.241,0.066,0.083,0.261,0.0,0.114,2019,5
T.J. McConnell,PHI,0.019,0.389,0.0,0.194,0.0,0.175,0.069,0.07,2019,4
Devin Harris,DAL,0.0,0.192,0.0,0.17,0.0,0.344,0.041,0.046,2019,1
Jonas Jerebko,GSW,0.0,0.0,0.067,0.169,0.025,0.403,0.0,0.09,2019,0
Omri Casspi,MEM,0.0,0.0,0.0,0.257,0.0,0.29,0.0,0.219,2019,0
Cameron Payne,CLE,0.0,0.459,0.0,0.0,0.0,0.243,0.0,0.0,2019,4
Kevon Looney,GSW,0.025,0.0,0.084,0.077,0.0,0.072,0.0,0.391,2019,2
Troy Daniels,PHX,0.0,0.161,0.0,0.116,0.0,0.255,0.177,0.039,2019,1
Mo Bamba,ORL,0.032,0.0,0.204,0.054,0.083,0.227,0.0,0.125,2019,5
Tyler Dorsey,MEM,0.068,0.203,0.0,0.203,0.0,0.261,0.092,0.0,2019,1
Jerryd Bayless,MIN,0.088,0.412,0.0,0.102,0.0,0.263,0.047,0.0,2019,4
Sam Dekker,WAS,0.0,0.0,0.049,0.192,0.0,0.278,0.078,0.151,2019,0
Kenrich Williams,NOP,0.0,0.056,0.0,0.258,0.0,0.401,0.0,0.062,2019,0
Cheick Diallo,NOP,0.0,0.0,0.253,0.175,0.0,0.069,0.0,0.247,2019,2
Henry Ellenson,NYK,0.0,0.0,0.0,0.144,0.154,0.433,0.0,0.0,2019,0
Tony Snell,MIL,0.0,0.056,0.0,0.213,0.0,0.34,0.157,0.056,2019,0
Wilson Chandler,LAC,0.0,0.0,0.0,0.224,0.0,0.461,0.0,0.0,2019,0
Jordan McRae,WAS,0.0,0.296,0.0,0.201,0.0,0.27,0.0,0.0,2019,1
Yogi Ferrell,SAC,0.053,0.342,0.0,0.237,0.0,0.167,0.06,0.024,2019,4
Omari Spellman,ATL,0.0,0.0,0.156,0.125,0.0,0.349,0.0,0.1,2019,5
Aaron Holiday,IND,0.04,0.322,0.0,0.189,0.0,0.238,0.111,0.0,2019,1
Matthew Dellavedova,CLE,0.05,0.402,0.0,0.106,0.0,0.209,0.063,0.0,2019,4
Nik Stauskas,CLE,0.0,0.075,0.0,0.18,0.0,0.323,0.098,0.0,2019,0
Meyers Leonard,POR,0.0,0.0,0.193,0.078,0.056,0.252,0.0,0.212,2019,5
D.J. Wilson,MIL,0.0,0.0,0.22,0.144,0.0,0.292,0.039,0.108,2019,5
Juancho Hernangomez,DEN,0.0,0.0,0.036,0.134,0.036,0.393,0.065,0.109,2019,0
Ed Davis,BKN,0.0,0.0,0.226,0.041,0.0,0.0,0.0,0.282,2019,2
Furkan Korkmaz,PHI,0.0,0.066,0.0,0.194,0.0,0.399,0.115,0.035,2019,0
Mike Scott,PHI,0.0,0.0,0.089,0.122,0.075,0.451,0.0,0.089,2019,0
Ivan Rabb,MEM,0.043,0.0,0.183,0.082,0.129,0.122,0.0,0.215,2019,2
Elie Okobo,PHX,0.069,0.397,0.0,0.138,0.0,0.212,0.058,0.032,2019,4
Torrey Craig,DEN,0.0,0.035,0.0,0.233,0.0,0.386,0.048,0.127,2019,0
Frank Ntilikina,NYK,0.06,0.338,0.0,0.114,0.0,0.256,0.111,0.0,2019,1
Andre Iguodala,GSW,0.031,0.05,0.0,0.227,0.0,0.347,0.037,0.141,2019,0
Daniel Theis,BOS,0.0,0.0,0.268,0.057,0.039,0.176,0.0,0.232,2019,2
Aron Baynes,BOS,0.0,0.0,0.201,0.051,0.068,0.123,0.0,0.195,2019,2
Chasson Randle,WAS,0.066,0.24,0.0,0.156,0.0,0.292,0.059,0.069,2019,1
Jakob Poeltl,SAS,0.0,0.0,0.206,0.053,0.087,0.032,0.0,0.256,2019,2
Damian Jones,GSW,0.0,0.0,0.229,0.095,0.0,0.0,0.0,0.343,2019,2
Alex Abrines,OKC,0.0,0.079,0.056,0.175,0.0,0.424,0.085,0.0,2019,0
Raul Neto,UTA,0.062,0.36,0.0,0.166,0.0,0.27,0.062,0.0,2019,4
Troy Williams,SAC,0.0,0.0,0.0,0.368,0.0,0.307,0.0,0.0,2019,0
Treveon Graham,BKN,0.0,0.0,0.0,0.124,0.0,0.647,0.0,0.055,2019,0
Tim Frazier,MIL,0.115,0.333,0.0,0.23,0.0,0.172,0.0,0.0,2019,4
Chandler Hutchison,CHI,0.0,0.102,0.0,0.224,0.0,0.333,0.055,0.133,2019,0
Royce O'Neale,UTA,0.0,0.051,0.0,0.26,0.0,0.488,0.047,0.063,2019,0
Alex Poythress,ATL,0.0,0.0,0.179,0.16,0.0,0.292,0.0,0.104,2019,5
Brandon Sampson,CHI,0.0,0.132,0.0,0.184,0.0,0.408,0.0,0.0,2019,0
Jalen Jones,CLE,0.0,0.0,0.0,0.193,0.0,0.446,0.0,0.0,2019,0
Keita Bates-Diop,MIN,0.0,0.071,0.0,0.225,0.0,0.29,0.071,0.124,2019,0
Anthony Tolliver,MIN,0.0,0.0,0.113,0.144,0.0,0.538,0.0,0.041,2019,0
Cameron Reynolds,MIN,0.0,0.0,0.0,0.253,0.0,0.414,0.0,0.0,2019,0
De'Anthony Melton,PHX,0.0,0.321,0.0,0.239,0.0,0.222,0.0,0.032,2019,1
Dragan Bender,PHX,0.0,0.0,0.196,0.106,0.051,0.337,0.0,0.118,2019,5
Wes Iwundu,ORL,0.038,0.145,0.0,0.249,0.0,0.284,0.06,0.068,2019,1
Marcin Gortat,LAC,0.0,0.0,0.318,0.058,0.097,0.0,0.0,0.194,2019,2
Nerlens Noel,OKC,0.0,0.0,0.263,0.066,0.0,0.05,0.0,0.274,2019,2
Corey Brewer,SAC,0.0,0.0,0.0,0.313,0.0,0.293,0.0,0.121,2019,0
Jared Dudley,BKN,0.0,0.0,0.125,0.162,0.0,0.508,0.0,0.046,2019,0
Donte DiVincenzo,MIL,0.0,0.081,0.0,0.25,0.0,0.311,0.068,0.088,2019,0
Khem Birch,ORL,0.0,0.0,0.284,0.085,0.0,0.0,0.0,0.199,2019,2
Michael Carter-Williams,ORL,0.0,0.286,0.0,0.155,0.0,0.179,0.0,0.0,2019,1
Troy Brown Jr.,WAS,0.053,0.18,0.0,0.18,0.0,0.317,0.074,0.102,2019,1
Devonte' Graham,CHA,0.12,0.297,0.0,0.18,0.0,0.218,0.038,0.0,2019,1
Jonah Bolden,PHI,0.0,0.0,0.113,0.178,0.0,0.362,0.0,0.099,2019,0
Alfonzo McKinnie,GSW,0.0,0.0,0.0,0.175,0.0,0.383,0.031,0.156,2019,0
John Jenkins,NYK,0.0,0.169,0.0,0.085,0.0,0.347,0.0,0.0,2019,0
Timothe Luwawu-Cabarrot,CHI,0.0,0.049,0.0,0.192,0.0,0.468,0.074,0.074,2019,0
Lance Thomas,NYK,0.0,0.0,0.059,0.114,0.076,0.481,0.0,0.063,2019,0
Jevon Carter,MEM,0.091,0.313,0.0,0.204,0.0,0.239,0.043,0.0,2019,1
Bismack Biyombo,CHA,0.0,0.0,0.312,0.069,0.0,0.0,0.0,0.29,2019,2
Shake Milton,PHI,0.0,0.116,0.0,0.189,0.0,0.4,0.0,0.0,2019,0
Solomon Hill,NOP,0.0,0.049,0.0,0.166,0.0,0.386,0.0,0.13,2019,0
Bruce Brown,DET,0.039,0.158,0.0,0.216,0.0,0.317,0.026,0.117,2019,0
Jaron Blossomgame,CLE,0.0,0.0,0.081,0.146,0.0,0.317,0.0,0.171,2019,5
Glenn Robinson III,DET,0.0,0.047,0.0,0.22,0.0,0.402,0.093,0.136,2019,0
Jerian Grant,ORL,0.08,0.329,0.0,0.091,0.0,0.311,0.063,0.0,2019,1
Ian Mahinmi,WAS,0.0,0.0,0.181,0.065,0.0,0.097,0.0,0.232,2019,2
Shaun Livingston,GSW,0.059,0.092,0.0,0.221,0.118,0.041,0.0,0.258,2019,3
Courtney Lee,DAL,0.0,0.189,0.0,0.179,0.0,0.326,0.0,0.0,2019,1
Cristiano Felicio,CHI,0.0,0.0,0.298,0.083,0.062,0.05,0.0,0.194,2019,2
Zaza Pachulia,DET,0.039,0.0,0.123,0.052,0.078,0.071,0.0,0.227,2019,2
Thabo Sefolosha,UTA,0.0,0.0,0.0,0.216,0.0,0.492,0.0,0.108,2019,0
Rawle Alkins,CHI,0.0,0.0,0.0,0.196,0.0,0.333,0.0,0.0,2019,0
Patrick Patterson,OKC,0.0,0.0,0.195,0.143,0.104,0.323,0.0,0.072,2019,5
Nene,HOU,0.0,0.0,0.301,0.075,0.103,0.089,0.0,0.267,2019,2
Isaiah Briscoe,ORL,0.083,0.409,0.0,0.127,0.0,0.232,0.0,0.0,2019,4
Wesley Johnson,WAS,0.0,0.0,0.0,0.0,0.0,0.49,0.0,0.0,2019,0
Jaylen Adams,ATL,0.0,0.314,0.0,0.19,0.0,0.299,0.088,0.0,2019,1
Tyson Chandler,LAL,0.0,0.0,0.123,0.071,0.0,0.0,0.0,0.29,2019,2
Dante Cunningham,SAS,0.0,0.0,0.0,0.08,0.0,0.447,0.0,0.207,2019,0
Gary Clark,HOU,0.0,0.0,0.093,0.136,0.0,0.636,0.0,0.0,2019,0
Dairis Bertans,NOP,0.0,0.0,0.0,0.204,0.0,0.245,0.0,0.0,2019,0
Patrick McCaw,TOR,0.0,0.132,0.0,0.276,0.0,0.303,0.0,0.0,2019,0
Jose Calderon,DET,0.0,0.441,0.0,0.075,0.0,0.255,0.124,0.0,2019,4
Julian Washburn,MEM,0.0,0.0,0.0,0.193,0.0,0.386,0.0,0.0,2019,0
Quincy Acy,PHX,0.0,0.0,0.423,0.0,0.0,0.0,0.0,0.0,2019,2
James Harden,HOU,0.45,0.179,0.0,0.199,0.0,0.049,0.027,0.016,2020,4
Russell Westbrook,OKC,0.25,0.124,0.0,0.245,0.09,0.146,0.016,0.024,2020,1
Damian Lillard,POR,0.179,0.517,0.0,0.097,0.0,0.05,0.05,0.014,2020,4
Lebron James,LAL,0.175,0.273,0.008,0.195,0.101,0.062,0.037,0.033,2020,4
Luka Doncic,DAL,0.15,0.463,0.0,0.108,0.034,0.061,0.054,0.017,2020,4
Jayson Tatum,BOS,0.158,0.255,0.029,0.14,0.055,0.132,0.061,0.025,2020,4
Giannis Antetokounmpo,MIL,0.149,0.068,0.066,0.267,0.117,0.103,0.015,0.068,2020,5
Kawhi Leonard,LAC,0.147,0.328,0.012,0.137,0.106,0.111,0.037,0.01,2020,4
DeMar DeRozan,SAS,0.139,0.346,0.0,0.132,0.094,0.113,0.038,0.027,2020,4
Pascal Siakam,TOR,0.176,0.142,0.037,0.217,0.122,0.144,0.036,0.046,2020,1
Chris Paul,OKC,0.179,0.487,0.0,0.131,0.009,0.082,0.019,0.0,2020,4
Spencer Dinwiddie,BKN,0.148,0.482,0.0,0.139,0.0,0.111,0.027,0.017,2020,4
Devin Booker,PHX,0.114,0.273,0.008,0.19,0.05,0.084,0.082,0.047,2020,4
Shai Gilgeous-Alexander,OKC,0.142,0.376,0.0,0.173,0.0,0.187,0.044,0.02,2020,4
Brandon Ingram,NOP,0.134,0.233,0.01,0.185,0.033,0.209,0.056,0.025,2020,1
CJ McCollum,POR,0.133,0.363,0.0,0.145,0.0,0.139,0.058,0.019,2020,4
Zach Lavine,CHI,0.114,0.372,0.0,0.149,0.007,0.108,0.088,0.044,2020,4
Julius Randle,NYK,0.151,0.044,0.095,0.11,0.151,0.196,0.033,0.056,2020,5
Khris Middleton,MIL,0.129,0.256,0.009,0.179,0.083,0.137,0.051,0.025,2020,1
Trae Young,ATL,0.085,0.533,0.0,0.165,0.0,0.06,0.072,0.0,2020,4
Austin Rivers,HOU,0.228,0.133,0.0,0.181,0.0,0.314,0.045,0.0,2020,1
Bradley Beal,WAS,0.092,0.322,0.0,0.172,0.011,0.098,0.098,0.038,2020,4
Jrue Holiday,NOP,0.098,0.318,0.009,0.186,0.012,0.178,0.068,0.03,2020,4
Malcolm Brogdon,IND,0.152,0.433,0.0,0.114,0.0,0.101,0.07,0.015,2020,4
Caris Levert,BKN,0.182,0.394,0.0,0.133,0.0,0.126,0.037,0.042,2020,4
Dennis Schroder,OKC,0.1,0.384,0.0,0.144,0.0,0.203,0.069,0.02,2020,4
Collin Sexton,CLE,0.091,0.37,0.0,0.168,0.0,0.134,0.075,0.046,2020,4
De'Aron Fox,SAC,0.111,0.394,0.0,0.21,0.0,0.136,0.035,0.014,2020,4
Donovan Mitchell,UTA,0.077,0.48,0.007,0.126,0.0,0.145,0.062,0.011,2020,4
Anthony Davis,LAL,0.082,0.031,0.127,0.112,0.219,0.132,0.016,0.074,2020,3
Tobias Harris,PHI,0.102,0.174,0.012,0.145,0.114,0.196,0.072,0.052,2020,1
Eric Paschall,GSW,0.137,0.044,0.046,0.146,0.093,0.254,0.042,0.099,2020,5
Bojan Bogdanovic,UTA,0.095,0.138,0.023,0.162,0.045,0.217,0.086,0.022,2020,1
Jimmy Butler,MIA,0.097,0.355,0.021,0.122,0.068,0.069,0.055,0.082,2020,4
Carmelo Anthony,POR,0.126,0.051,0.083,0.085,0.298,0.216,0.0,0.024,2020,3
Montrezl Harrell,LAC,0.092,0.024,0.173,0.151,0.189,0.041,0.0,0.135,2020,3
Danilo Gallinari,OKC,0.097,0.111,0.079,0.087,0.14,0.305,0.042,0.025,2020,5
Ja Morant,MEM,0.09,0.503,0.0,0.159,0.0,0.07,0.049,0.028,2020,4
Nikola Jokic,DEN,0.063,0.032,0.169,0.046,0.246,0.113,0.0,0.085,2020,3
Eric Bledsoe,MIL,0.089,0.283,0.0,0.3,0.0,0.134,0.038,0.031,2020,1
Paul George,LAC,0.114,0.329,0.0,0.131,0.046,0.122,0.05,0.0,2020,4
Derrick Rose,DET,0.084,0.552,0.0,0.158,0.0,0.086,0.034,0.014,2020,4
Joel Embiid,PHI,0.083,0.0,0.107,0.071,0.368,0.118,0.01,0.057,2020,3
D'Angelo Russell,GSW,0.095,0.425,0.0,0.127,0.0,0.071,0.082,0.021,2020,4
Kemba Walker,BOS,0.067,0.485,0.0,0.128,0.0,0.102,0.063,0.01,2020,4
Anfernee Simons,POR,0.118,0.311,0.0,0.144,0.0,0.237,0.06,0.028,2020,1
Terry Rozier,CHA,0.074,0.269,0.01,0.194,0.0,0.188,0.083,0.013,2020,1
Buddy Hield,SAC,0.062,0.262,0.01,0.188,0.0,0.173,0.062,0.031,2020,1
Marcus.Morris,LAC,0.098,0.205,0.013,0.107,0.053,0.311,0.072,0.02,2020,1
Ish Smith,WAS,0.094,0.343,0.0,0.245,0.0,0.216,0.022,0.0,2020,4
Bam Adebayo,MIA,0.076,0.047,0.177,0.112,0.069,0.081,0.0,0.24,2020,2
Andrew Wiggins,GSW,0.091,0.364,0.0,0.093,0.04,0.137,0.094,0.056,2020,4
Kyrie Irving,BKN,0.125,0.479,0.0,0.154,0.0,0.047,0.074,0.025,2020,4
Jamal Murray,DEN,0.075,0.311,0.022,0.11,0.016,0.128,0.154,0.057,2020,4
Jaylen Brown,BOS,0.074,0.131,0.026,0.224,0.044,0.281,0.054,0.031,2020,1
Lou Williams,LAC,0.07,0.512,0.008,0.137,0.0,0.11,0.049,0.009,2020,4
Devonte' Graham,CHA,0.079,0.45,0.0,0.142,0.0,0.137,0.067,0.012,2020,4
Jeff Teague,ATL,0.174,0.412,0.0,0.172,0.0,0.115,0.039,0.0,2020,4
Jordan Clarkson,UTA,0.097,0.258,0.016,0.145,0.0,0.259,0.079,0.022,2020,1
Harrison Barnes,SAC,0.08,0.1,0.0,0.14,0.163,0.277,0.013,0.059,2020,5
Gordon Hayward,BOS,0.063,0.268,0.02,0.153,0.017,0.19,0.079,0.057,2020,1
Dejounte Murray,SAS,0.095,0.313,0.0,0.211,0.0,0.224,0.023,0.023,2020,1
Rudy Gay,SAS,0.106,0.106,0.059,0.138,0.088,0.337,0.024,0.027,2020,5
Kevin Porter jr.,CLE,0.136,0.262,0.0,0.185,0.0,0.183,0.065,0.057,2020,1
Fred Vanvleet,TOR,0.076,0.318,0.0,0.25,0.0,0.164,0.046,0.014,2020,4
Kyle Lowry,TOR,0.061,0.28,0.017,0.286,0.0,0.13,0.044,0.012,2020,1
Jaren Jackson jr.,MEM,0.064,0.022,0.114,0.133,0.125,0.253,0.05,0.059,2020,5
Tristan Thompson,CLE,0.085,0.0,0.202,0.065,0.112,0.081,0.0,0.188,2020,2
Karl-Anthony Towns,MIN,0.06,0.018,0.172,0.09,0.203,0.179,0.027,0.042,2020,3
Tim Hardaway jr.,DAL,0.064,0.19,0.021,0.159,0.01,0.301,0.056,0.02,2020,1
Goran Dragic,MIA,0.048,0.393,0.0,0.155,0.0,0.161,0.122,0.034,2020,4
Aaron Holiday,IND,0.077,0.348,0.0,0.177,0.0,0.243,0.07,0.0,2020,4
Bogdan Bogdanovic,SAC,0.059,0.248,0.0,0.14,0.015,0.243,0.097,0.034,2020,1
Kyle Kuzma,LAL,0.096,0.104,0.033,0.198,0.045,0.28,0.03,0.058,2020,0
Eric Gordon,HOU,0.09,0.133,0.026,0.199,0.0,0.303,0.088,0.026,2020,1
Ben Simmons,PHI,0.052,0.15,0.035,0.297,0.113,0.045,0.012,0.139,2020,1
Mike Conley,UTA,0.061,0.457,0.0,0.115,0.0,0.18,0.061,0.0,2020,4
Alec Burks,GSW,0.071,0.358,0.0,0.127,0.039,0.132,0.097,0.036,2020,4
Andre Drummond,CLE,0.063,0.0,0.167,0.101,0.157,0.064,0.0,0.158,2020,3
Will Barton,DEN,0.064,0.295,0.0,0.218,0.0,0.183,0.067,0.052,2020,1
Coby White,CHI,0.059,0.344,0.0,0.187,0.0,0.248,0.075,0.0,2020,1
Kevin Love,CLE,0.052,0.024,0.111,0.093,0.213,0.196,0.057,0.042,2020,5
T.J. Warren,IND,0.044,0.183,0.0,0.201,0.029,0.218,0.056,0.089,2020,1
Marcus Smart,BOS,0.062,0.248,0.022,0.17,0.038,0.268,0.038,0.032,2020,1
Darius Garland,CLE,0.065,0.416,0.0,0.117,0.0,0.188,0.097,0.011,2020,4
OG Anunoby,TOR,0.026,0.048,0.025,0.246,0.051,0.349,0.022,0.108,2020,0
RJ Barrett,NYK,0.065,0.277,0.0,0.209,0.037,0.193,0.069,0.042,2020,1
Aaron Gordon,ORL,0.055,0.136,0.026,0.166,0.147,0.158,0.058,0.084,2020,1
T.J. McConnell,IND,0.049,0.454,0.0,0.193,0.0,0.115,0.03,0.049,2020,4
Joe Ingles,UTA,0.05,0.416,0.0,0.123,0.0,0.199,0.073,0.0,2020,4
Kendrick Nunn,MIA,0.05,0.337,0.0,0.147,0.0,0.18,0.115,0.041,2020,4
Rui Hachimura,WAS,0.059,0.023,0.095,0.207,0.098,0.228,0.0,0.147,2020,5
Roodney Hood,POR,0.119,0.124,0.0,0.144,0.114,0.337,0.0,0.0,2020,0
De'Andre Hunter,ATL,0.04,0.19,0.032,0.14,0.022,0.342,0.074,0.026,2020,1
Jordan Mcrae,HOU,0.097,0.327,0.0,0.186,0.0,0.204,0.056,0.0,2020,4
Jeremy Lamb,CHA,0.073,0.35,0.0,0.135,0.0,0.205,0.076,0.026,2020,4
Evan Fournier,ORL,0.038,0.318,0.0,0.132,0.0,0.174,0.117,0.034,2020,4
Miles Bridges,CHA,0.049,0.073,0.059,0.149,0.078,0.37,0.031,0.051,2020,0
Taurean Prince,BKN,0.045,0.074,0.04,0.186,0.0,0.421,0.049,0.018,2020,0
Norman Powell,TOR,0.026,0.143,0.0,0.293,0.0,0.27,0.038,0.046,2020,1
Markelle Fultz,ORL,0.02,0.441,0.0,0.165,0.019,0.143,0.069,0.045,2020,4
J.J. Redick,NOP,0.021,0.129,0.017,0.178,0.0,0.165,0.145,0.0,2020,1
Donte Divincenzo,MIL,0.039,0.194,0.0,0.241,0.0,0.212,0.08,0.074,2020,1
Danuel House jr.,HOU,0.017,0.025,0.067,0.255,0.0,0.448,0.029,0.063,2020,0
Danny Green,LAL,0.0,0.031,0.0,0.255,0.0,0.403,0.034,0.058,2020,0
Justin Holiday,IND,0.0,0.049,0.0,0.225,0.0,0.363,0.049,0.056,2020,0
Joe Harris,BKN,0.0,0.043,0.033,0.129,0.0,0.275,0.138,0.054,2020,0
Robert Covington,HOU,0.023,0.039,0.078,0.212,0.0,0.571,0.0,0.037,2020,0
Cam Reddish,ATL,0.035,0.214,0.0,0.206,0.0,0.293,0.123,0.037,2020,1
Brad Wanamaker,BOS,0.032,0.305,0.0,0.232,0.0,0.263,0.036,0.03,2020,1
Al Horford,BOS,0.03,0.0,0.177,0.146,0.237,0.203,0.0,0.053,2020,3
Terence Davis,TOR,0.03,0.178,0.0,0.247,0.0,0.296,0.024,0.06,2020,1
Langston Galloway,DET,0.0,0.078,0.025,0.174,0.0,0.348,0.139,0.018,2020,0
Garrett Temple,BKN,0.041,0.147,0.022,0.16,0.0,0.371,0.045,0.034,2020,0
Dorian Finney-Smith,DAL,0.0,0.034,0.077,0.175,0.0,0.425,0.017,0.077,2020,0
Bryn Forbes,SAS,0.0,0.138,0.0,0.183,0.0,0.373,0.141,0.0,2020,0
Ricky Rubio,PHO,0.023,0.393,0.0,0.147,0.0,0.245,0.071,0.02,2020,4
Brandon Clarke,MEM,0.026,0.0,0.229,0.172,0.023,0.205,0.0,0.139,2020,5
Cameron Johnson,PHO,0.0,0.035,0.0,0.222,0.0,0.437,0.046,0.074,2020,0
Gary Harris,DEN,0.021,0.123,0.0,0.194,0.0,0.253,0.239,0.066,2020,1
Seth Curry,DAL,0.042,0.232,0.0,0.163,0.0,0.344,0.049,0.0,2020,1
Lauri Markkanen,CHI,0.016,0.024,0.154,0.17,0.038,0.314,0.027,0.063,2020,5
Derrick Jones jr.,MIA,0.0,0.023,0.0,0.309,0.0,0.315,0.0,0.184,2020,0
Derrick White,SAS,0.027,0.315,0.016,0.176,0.0,0.293,0.037,0.019,2020,1
Monte Morris,DEN,0.031,0.417,0.0,0.177,0.0,0.18,0.071,0.057,2020,4
Tomas Satoransky,CHI,0.038,0.32,0.0,0.161,0.0,0.25,0.06,0.044,2020,1
John Collins,ATL,0.019,0.0,0.28,0.124,0.081,0.16,0.019,0.136,2020,2
Kristaps Porzingis,DAL,0.042,0.014,0.156,0.094,0.151,0.258,0.018,0.07,2020,5
Kevin Huerter,ATL,0.022,0.291,0.0,0.168,0.0,0.223,0.133,0.025,2020,1
Duncun Robinson,MIA,0.0,0.022,0.019,0.11,0.0,0.329,0.235,0.045,2020,0
Serge Ibaka,TOR,0.0,0.0,0.306,0.103,0.067,0.184,0.0,0.146,2020,2
Avery Bradley,LAL,0.0,0.152,0.023,0.215,0.0,0.29,0.113,0.066,2020,1
Jae Crowder,MIA,0.0,0.102,0.0,0.25,0.0,0.28,0.091,0.039,2020,0
Kelly Oubre jr.,PHO,0.031,0.151,0.0,0.225,0.0,0.261,0.094,0.092,2020,1
Gary Trent jr.,POR,0.062,0.141,0.0,0.216,0.0,0.38,0.068,0.0,2020,0
Clint Capela,ATL,0.0,0.0,0.17,0.164,0.032,0.0,0.0,0.381,2020,2
Jerami Grant,DEN,0.04,0.033,0.11,0.11,0.078,0.353,0.04,0.123,2020,5
Zion Williamson,NOP,0.048,0.0,0.1,0.168,0.202,0.104,0.024,0.18,2020,3
Nikola Vucevic,ORL,0.0,0.0,0.271,0.073,0.198,0.16,0.0,0.134,2020,3
Josh Hart,NOP,0.0,0.052,0.0,0.322,0.0,0.424,0.04,0.015,2020,0
Davis Bertans,WAS,0.0,0.31,0.055,0.231,0.0,0.314,0.067,0.048,2020,1
D.J. Augustin,ORL,0.061,0.538,0.0,0.105,0.0,0.141,0.056,0.016,2020,4
Josh Richardson,PHI,0.032,0.303,0.0,0.12,0.0,0.225,0.118,0.029,2020,1
Tyler Herro,MIA,0.034,0.303,0.0,0.12,0.0,0.174,0.161,0.034,2020,1
Rajon Rondo,LAL,0.091,0.416,0.0,0.182,0.0,0.182,0.0,0.0,2020,4
Victor Oladipo,IND,0.094,0.425,0.0,0.175,0.0,0.109,0.069,0.0,2020,4
Jarrett Culver,MIN,0.061,0.208,0.0,0.161,0.0,0.247,0.103,0.066,2020,1
Reggie Jackson,LAC,0.068,0.462,0.0,0.136,0.0,0.242,0.059,0.0,2020,4
Patrick Beverly,LAC,0.056,0.204,0.0,0.12,0.0,0.441,0.0,0.0,2020,0
Draymond Green,GSW,0.031,0.084,0.084,0.149,0.089,0.311,0.022,0.073,2020,5
Domantas Sabonis,IND,0.01,0.0,0.303,0.063,0.171,0.106,0.0,0.154,2020,3
Rudy Gobert,UTA,0.0,0.0,0.274,0.075,0.043,0.0,0.0,0.274,2020,2
Hassan Whiteside,POR,0.016,0.0,0.274,0.024,0.118,0.029,0.0,0.208,2020,2
Jarrett Allen,BKN,0.0,0.0,0.293,0.251,0.0,0.016,0.0,0.266,2020,2
Maxi Kleber,DAL,0.0,0.0,0.257,0.075,0.0,0.419,0.0,0.081,2020,5
Jonas Valanciunas,MEM,0.024,0.0,0.186,0.063,0.235,0.086,0.0,0.139,2020,3
LaMarcus Aldridge,SAS,0.022,0.0,0.221,0.042,0.322,0.161,0.0,0.07,2020,3
Myles Turner,IND,0.0,0.0,0.267,0.062,0.148,0.258,0.0,0.094,2020,5
Steven Adams,OKC,0.022,0.0,0.225,0.061,0.233,0.0,0.0,0.148,2020,3
Mitchell Robinson,NYK,0.0,0.0,0.26,0.092,0.0,0.0,0.0,0.202,2020,2
Thomas Bryant,WAS,0.0,0.0,0.285,0.141,0.054,0.15,0.0,0.152,2020,2
Daniel Theis,BOS,0.0,0.0,0.275,0.07,0.0,0.145,0.0,0.245,2020,2
Brook Lopez,MIL,0.02,0.0,0.155,0.13,0.177,0.282,0.036,0.079,2020,5
Deandre Ayton,PHO,0.0,0.0,0.183,0.077,0.222,0.058,0.0,0.203,2020,3
Ivica Zubac,LAC,0.0,0.0,0.227,0.096,0.066,0.025,0.0,0.219,2020,2
Aron Baynes,PHO,0.0,0.0,0.263,0.051,0.09,0.206,0.0,0.122,2020,5
P.J. Washington,CHA,0.031,0.0,0.19,0.106,0.148,0.332,0.0,0.082,2020,5
Derrick Favors,NOP,0.0,0.0,0.278,0.067,0.043,0.031,0.0,0.278,2020,2
Marc Gasol,TOR,0.0,0.0,0.267,0.128,0.128,0.242,0.0,0.064,2020,5
Dario Saric,PHO,0.023,0.028,0.107,0.114,0.097,0.309,0.018,0.138,2020,5
Kelly Olynyk,MIA,0.0,0.0,0.134,0.128,0.043,0.339,0.072,0.082,2020,5
Javale McGee,LAL,0.028,0.0,0.116,0.104,0.073,0.038,0.0,0.339,2020,2
JaMychal Green,LAC,0.0,0.0,0.152,0.118,0.062,0.388,0.0,0.069,2020,5
Paul Millsap,DEN,0.063,0.025,0.065,0.141,0.153,0.204,0.0,0.144,2020,5
Marvin Bagley,SAC,0.095,0.0,0.191,0.126,0.136,0.121,0.0,0.131,2020,3
P.J. Tucker,HOU,0.0,0.0,0.075,0.108,0.0,0.575,0.0,0.073,2020,0
Dwight Howard,LAL,0.0,0.0,0.088,0.055,0.114,0.0,0.0,0.276,2020,2
Michael Porter jr.,DEN,0.047,0.045,0.0,0.188,0.028,0.207,0.08,0.147,2020,5
Lonzo Ball,NOP,0.036,0.264,0.0,0.187,0.0,0.311,0.04,0.022,2020,1
Landry Shamet,LAC,0.0,0.148,0.028,0.157,0.0,0.338,0.065,0.0,2020,0
Kentavious Caldwell-Pope,LAL,0.0,0.101,0.02,0.265,0.0,0.292,0.095,0.052,2020,0
Matisse Thybulle,PHI,0.0,0.042,0.0,0.247,0.0,0.44,0.051,0.051,2020,0
Malik Beasley,DEN,0.0,0.125,0.0,0.19,0.0,0.344,0.142,0.052,2020,0
Trevor Ariza,POR,0.0,0.083,0.0,0.296,0.0,0.383,0.0,0.049,2020,0
Andre Iguodala,MIA,0.0,0.09,0.0,0.205,0.0,0.328,0.0,0.098,2020,0
Wesley Matthews,MIL,0.031,0.078,0.0,0.231,0.022,0.296,0.127,0.057,2020,0
Luke Kennard,DET,0.036,0.279,0.0,0.159,0.0,0.228,0.123,0.041,2020,1
Tony Snell,DET,0.024,0.116,0.0,0.163,0.0,0.39,0.085,0.033,2020,0
Matt Thomas,TOR,0.031,0.106,0.0,0.159,0.0,0.271,0.082,0.0,2020,1
Otto Porter jr.,CHI,0.0,0.275,0.0,0.15,0.0,0.213,0.094,0.0,2020,1
Jakob Poetle,SAS,0.0,0.0,0.198,0.095,0.064,0.047,0.0,0.265,2020,2
Mason Plumlee,DEN,0.0,0.0,0.237,0.099,0.172,0.059,0.0,0.153,2020,3
Larry Nance jr.,CLE,0.045,0.0,0.153,0.105,0.079,0.247,0.0,0.132,2020,5
Taj Gibson,MIN,0.0,0.0,0.237,0.075,0.117,0.114,0.0,0.17,2020,2
Christian Wood,DET,0.052,0.0,0.197,0.167,0.066,0.216,0.0,0.096,2020,5
Josh Okogie,MIN,0.018,0.046,0.0,0.239,0.0,0.35,0.102,0.083,2020,0
Nemanja Bjelica,SAC,0.032,0.033,0.104,0.128,0.093,0.274,0.0,0.059,2020,5
Pat Connaughton,MIL,0.0,0.066,0.027,0.153,0.0,0.331,0.079,0.139,2020,0
Robert Williams,BOS,0.0,0.0,0.27,0.107,0.0,0.0,0.0,0.254,2020,2
Markieff Morris,DET,0.034,0.0,0.105,0.107,0.164,0.379,0.0,0.061,2020,5
Robin Lopez,MIL,0.02,0.0,0.156,0.078,0.201,0.245,0.0,0.115,2020,5
Mike Scott,PHI,0.0,0.0,0.064,0.145,0.071,0.408,0.0,0.099,2020,0
Dillon Brooks,MEM,0.042,0.226,0.0,0.187,0.016,0.213,0.139,0.02,2020,1
Tyler Johnson,PHO,0.0,0.166,0.0,0.18,0.0,0.36,0.085,0.066,2020,0
Justine Winslow,,0.0,0.303,0.0,0.133,0.0,0.218,0.0,0.079,2020,1
Al-Farouq Aminu,ORL,0.0,0.0,0.0,0.178,0.0,0.364,0.0,0.119,2020,0
Blake Griffin,DET,0.093,0.202,0.078,0.108,0.166,0.178,0.036,0.036,2020,1
